id,city,_pivot_event,_time_semester,street,road_type,road_type_recode,install_year,install_type,verify_install_year,verify_install_type,verify_install_comment,verify_upgrade1_year,verify_upgrade1_type,verify_upgrade1_comment,verify_upgrade2_year,verify_upgrade2_type,verify_upgrade2_comment,verify_misclass,no_verify_install_type,geometry_len_km,_pivot_column,_pivot_value,_pivot_year,_pivot_type,verify_date_raw_count,verify_date_type,verify_date,verify_date_start,verify_date_end,verify_date_prepost,verify_date_notes,_time_month,_time_quarter,_time_third,_time_half,_time_year,_time_month_group,_time_quarter_group,_time_third_group,_time_half_group,_time_semester_group,_time_year_group,geometry_wkb
"17",toronto,install,,Lake Shore Blvd W,Major Arterial,Arterial,2001,Bike Lane,2015,PL,"Painted Lane: https://www.google.com/maps/@43.621083,-79.4826483,3a,75y,18.21h,88.06t/data=!3m8!1e1!3m6!1sMJB-vJon4smvO7A8Tb2NNw!2e0!5s20220901T000000!6shttps:%2F%2Fstreetviewpixels-pa.googleapis.com%2Fv1%2Fthumbnail%3Fpanoid%3DMJB-vJon4smvO7A8Tb2NNw%26c",,,,,,,,,0.236533837415661,verify_install_date,,2015,PL,,,,,,,,,,,,2015,,,,,,"2015","MULTILINESTRING ((-79.48135 43.62279, -79.48197 43.62198, -79.48203 43.62191, -79.48223 43.62157, -79.48248 43.6212, -79.48257 43.62109, -79.48275 43.62093))"
"18",toronto,install,,Lake Shore Blvd W,Major Arterial,Arterial,2001,Bike Lane,2015,PL,"Painted Lane: https://www.google.com/maps/@43.6201075,-79.4846658,3a,31.3y,211.17h,85.44t/data=!3m6!1e1!3m4!1sxO8W_BI06yA9H8FYkYAghg!2e0!7i16384!8i8192?entry=ttu",,,,,,,,,0.225553819968133,verify_install_date,,2015,PL,,,,,,,,,,,,2015,,,,,,"2015","MULTILINESTRING ((-79.48275 43.62093, -79.48293 43.62075, -79.48308 43.62064, -79.48318 43.62056, -79.48323 43.62053, -79.48327 43.62051, -79.48343 43.62042, -79.48384 43.62026, -79.48388 43.62026, -79.48393 43.62024, -79.484 43.62022, -79.48416 43.62019, -79.48426 43.62016, -79.48513 43.61995))"
"19",toronto,install,,Lake Shore Blvd W,Major Arterial,Arterial,2001,Bike Lane,2015,PL,"Painted Lane: https://www.google.com/maps/@43.6196279,-79.4857963,3a,15y,205.44h,86.9t/data=!3m7!1e1!3m5!1slrn3URS1G-Fez-2ASS3zaA!2e0!5s20150401T000000!7i13312!8i6656?entry=ttu",,,,,,,,,0.112666416362141,verify_install_date,,2015,PL,,,,,,,,,,,,2015,,,,,,"2015","MULTILINESTRING ((-79.48513 43.61995, -79.48528 43.61991, -79.48542 43.61987, -79.48555 43.61982, -79.48567 43.61977, -79.48578 43.61971, -79.48588 43.61964, -79.48592 43.6196, -79.48596 43.61957, -79.48604 43.6195, -79.48611 43.61943, -79.48619 43.61934))"
"38",toronto,upgrade1,,Queens Quay W,Collector,Collector,2001,Bi-Directional Cycle Track,2009,PL,"PL installed pre-2009: https://www.google.com/maps/@43.63534,-79.3990609,3a,15y,225.88h,84.26t/data=!3m7!1e1!3m5!1sJ338-CmunvB2s-k6txkoLw!2e0!5s20090601T000000!7i13312!8i6656?entry=ttu",2015,PBL,"PBL upgrade April - Sept 2015: https://www.google.com/maps/@43.6353629,-79.3989952,3a,75y,198.7h,75.12t/data=!3m7!1e1!3m5!1sC257_w9mzx1B9p4M8lMhnw!2e0!5s20150901T000000!7i13312!8i6656?entry=ttu",,,,,,0.225024642589988,verify_upgrade1_date,April-Sept 2015,2015,PBL,1,range,,2015/04/01,2015-09-30,,,,,,,2015,,,,,,"2015","MULTILINESTRING ((-79.40061 43.63446, -79.39972 43.63495, -79.3992 43.63524, -79.39912 43.63528, -79.39874 43.63548, -79.39837 43.63568))"
"39",toronto,upgrade1,,Davenport Rd,Minor Arterial,Arterial,2001,Bike Lane,2007,PL,"Pre 2007: https://www.google.com/maps/@43.6770247,-79.4040806,3a,75y,310.25h,80.44t/data=!3m7!1e1!3m5!1s0KrfdmVrlUaFf0m53QLkqg!2e0!5s20070901T000000!7i3328!8i1664?entry=ttu",2016,PL,K- no changes since.,,,,,,0.179234349279432,verify_upgrade1_date,,2016,PL,,,,,,,,,,,,2016,,,,,,"2016","MULTILINESTRING ((-79.40369 43.67668, -79.40478 43.67756, -79.40495 43.67767, -79.40507 43.67774, -79.40525 43.67782))"
"40",toronto,upgrade1,,Elizabeth St,Collector,Collector,2001,Bike Lane,2007,PL,"PL pre 2007: SV (https://www.google.com/maps/@43.6590912,-79.3867923,3a,75y,188.22h,75.73t/data=!3m7!1e1!3m5!1swPgZ-4pECz8BtPGmZypapg!2e0!5s20070901T000000!7i3328!8i1664?entry=ttu), no changes since.",2016,PL,,,,,,,0.272685837675215,verify_upgrade1_date,,2016,PL,,,,,,,,,,,,2016,,,,,,"2016","MULTILINESTRING ((-79.38642 43.65817, -79.38743 43.66051))"
"44",toronto,install,,Lake Shore Blvd W,Major Arterial,Arterial,2001,Bike Lane,2016,PL,"Designated PL between May and Nov 2016: https://www.google.com/maps/@43.6299386,-79.4772999,3a,64.7y,351h,78.04t/data=!3m7!1e1!3m5!1sTv3TdTe5MQojYJXHEmJGwg!2e0!5s20160501T000000!7i13312!8i6656?entry=ttu, no upgrades since",,,,,,,,,0.157349237764472,verify_install_date,May -Nov 2016,2016,PL,1,range,,2016/05/01,2016-11-30,,,,,,,2016,,,,,,"2016","MULTILINESTRING ((-79.47691 43.63027, -79.47712 43.63011, -79.47732 43.62993, -79.47755 43.62974, -79.47773 43.62953, -79.47806 43.62923, -79.47812 43.62916))"
"69",toronto,upgrade1,,Boulton Dr,Collector,Collector,2001,Bike Lane,2001,PL,"See UPGR COMMENTS, PL installed pre-2007, no changes in type since.",2016,PL,"PL since before 2007; INFR_NO CHANGE",,,,,,0.108875604858363,verify_upgrade1_date,Can't find- google maps,2016,PL,2,,,,,,Not a date,,,,,2016,,,,,,"2016","MULTILINESTRING ((-79.40294 43.67728, -79.40349 43.6777, -79.40382 43.67803))"
"90",toronto,install,,Lake Shore Blvd W,Major Arterial,Arterial,2001,Bike Lane,2016,PL,"Painted Lane: https://www.google.com/maps/@43.6269549,-79.4793084,3a,40.9y,96.58h,81.25t/data=!3m8!1e1!3m6!1sL1mNXpsItQJ2T3z6bACq0w!2e0!5s20220901T000000!6shttps:%2F%2Fstreetviewpixels-pa.googleapis.com%2Fv1%2Fthumbnail%3Fpanoid%3DL1mNXpsItQJ2T3z6bACq0w%",,,,,,,,,0.548831532417158,verify_install_date,,2016,PL,,,,,,,,,,,,2016,,,,,,"2016","MULTILINESTRING ((-79.48034 43.62451, -79.48015 43.6249, -79.48 43.62521, -79.47979 43.62564, -79.4794 43.62646, -79.47912 43.62711, -79.47909 43.62717, -79.47902 43.62731, -79.47876 43.62796, -79.47867 43.62827, -79.47863 43.62841, -79.47858 43.62852, -79.47846 43.62874, -79.47829 43.62895, -79.47812 43.62916))"
"241",toronto,install,,Millwood Rd,Major Arterial,Arterial,2001,Bike Lane,2013,PL,Road diamonds added around 2013,,,,,,,,,0.10566755967472,verify_install_date,,2013,PL,,,,,,,,,,,,2013,,,,,,"2013","MULTILINESTRING ((-79.3549 43.70202, -79.3544 43.70205, -79.35398 43.70206, -79.35364 43.70206, -79.35359 43.70205))"
"274",toronto,install,,Millwood Rd,Major Arterial,Arterial,2001,Bike Lane,2013,PL,"PL installed, seen around 2013 on sat imagery.",,,,,,,,,0.226397034485897,verify_install_date,,2013,PL,,,,,,,,,,,,2013,,,,,,"2013","MULTILINESTRING ((-79.35359 43.70205, -79.35337 43.70204, -79.35315 43.702, -79.35284 43.70192, -79.35278 43.70189, -79.35271 43.70186, -79.35261 43.7018, -79.35249 43.70175, -79.35237 43.7017, -79.35226 43.70163, -79.35218 43.70158, -79.35206 43.70151, -79.35195 43.70142, -79.35183 43.70133, -79.35174 43.70125, -79.35167 43.70118, -79.3516 43.70111, -79.35153 43.70103, -79.35148 43.70097, -79.35143 43.70089))"
"396",toronto,upgrade1,,Boulton Dr,Collector,Collector,2001,Bike Lane,2001,PL,"See UPGR COMMENTS, PL since pre-2007, no changes in type since: https://www.google.com/maps/@43.6797015,-79.4039542,3a,75y,345.53h,84.27t/data=!3m7!1e1!3m5!1sq8TlqUQkY_lilrmtPk1OuQ!2e0!5s20070901T000000!7i3328!8i1664?entry=ttu",2019,PL,"PL since before 2007; INFR_NO CHANGE; fixed painting; https://www.google.com/maps/@43.679489,-79.4040275,3a,75y,178.61h,58.06t/data=!3m7!1e1!3m5!1sEfTxCS4GKOlr5lKTT6gKeg!2e0!5s20190501T000000!7i16384!8i8192",,,,,,0.370983251546561,verify_upgrade1_date,Can't find- google maps,2019,PL,2,,,,,,Not a date,,,,,2019,,,,,,"2019","MULTILINESTRING ((-79.40382 43.67803, -79.40388 43.67807, -79.40391 43.6781, -79.40397 43.67818, -79.40404 43.67828, -79.40408 43.67837, -79.40411 43.67848, -79.40413 43.67861, -79.40413 43.67872, -79.40414 43.67886, -79.40412 43.67901, -79.40409 43.67921, -79.40407 43.67934, -79.40403 43.6795, -79.40398 43.67967, -79.4039 43.67981, -79.40383 43.67994, -79.40377 43.68007, -79.40375 43.68018, -79.40374 43.68028, -79.40374 43.68028, -79.40375 43.6804, -79.40376 43.68046, -79.40376 43.68052, -79.40376 43.68058, -79.40376 43.68064, -79.40373 43.6807, -79.40369 43.68074, -79.40363 43.68077, -79.40353 43.68077, -79.40343 43.68077, -79.40337 43.68077, -79.40329 43.68076, -79.4032 43.68079, -79.40315 43.68082, -79.4031 43.68086, -79.40305 43.68089))"
"403",toronto,upgrade1,,Davenport Rd,Minor Arterial,Arterial,2001,Bike Lane,2009,PL,,2020,PL,No changes in type,,,,,,1.06979085938405,verify_upgrade1_date,,2020,PL,,,,,,,,,,,,2020,,,,,,"2020","MULTILINESTRING ((-79.44942 43.67137, -79.44947 43.67137, -79.4511 43.6711, -79.45138 43.67104, -79.45145 43.67103, -79.45211 43.67091, -79.4525 43.67085, -79.45326 43.67072, -79.45446 43.67052, -79.45471 43.67049, -79.45502 43.67043, -79.45543 43.67038, -79.4556 43.67036, -79.45579 43.67034, -79.45616 43.67029, -79.45659 43.67025, -79.45673 43.67023, -79.45703 43.67021, -79.4577 43.67015, -79.45834 43.6701, -79.45857 43.67015, -79.45889 43.67024, -79.45954 43.67041, -79.45973 43.67046, -79.4607 43.67069, -79.46131 43.67084, -79.46144 43.67087, -79.46177 43.67093, -79.46219 43.67102, -79.46233 43.67102))"
"481",toronto,upgrade1,,Sherbourne St,Minor Arterial,Arterial,2001,Cycle Track,2009,PL,"PL pre 2009, later upgraded, https://www.google.com/maps/@43.6601479,-79.3717699,3a,75y,135.22h,60.75t/data=!3m7!1e1!3m5!1swEYCms_IkcId7OeZE37VEA!2e0!5s20090701T000000!7i13312!8i6656?entry=ttu",2013,PBL,"Upgraded to curb protected, PBL both sides of road. Seen under construiction Oct 2012 from sat imagery, see completed summer 2013. Will put 2013",,,,,,2.54718145191601,verify_upgrade1_date,,2013,PBL,,,,,,,,,,,,2013,,,,,,"2013","MULTILINESTRING ((-79.36789 43.65039, -79.36807 43.65083, -79.36826 43.65128, -79.36864 43.65215, -79.36915 43.65338, -79.36928 43.65389, -79.36946 43.65453, -79.36953 43.65472, -79.36958 43.65486, -79.36959 43.65488, -79.37012 43.65616, -79.37103 43.65829, -79.37136 43.65907, -79.37193 43.66045, -79.37203 43.66071, -79.37224 43.66123, -79.37306 43.66319, -79.37395 43.66532, -79.37468 43.66709, -79.37518 43.66825, -79.37539 43.66875, -79.37579 43.66966, -79.37625 43.67079, -79.37645 43.67127, -79.37652 43.67146, -79.37685 43.67236))"
"485",toronto,install,,Remembrance Dr,Major Arterial,Arterial,2001,Bike Lane,2014,PL,"PL: https://www.google.com/maps/@43.6344643,-79.4086283,3a,75y,261.82h,73.29t/data=!3m7!1e1!3m5!1sIauI9pWhcv0i6AvWxZIHYg!2e0!5s20150901T000000!7i13312!8i6656?entry=ttu",,,,,,,,,0.0272090373039229,verify_install_date,,2014,PL,,,,,,,,,,,,2014,,,,,,"2014","MULTILINESTRING ((-79.40844 43.63434, -79.40857 43.6344, -79.40862 43.63442, -79.40875 43.63444))"
"486",toronto,upgrade1,,Harbord St,Minor Arterial,Arterial,2001,Cycle Track,2007,PL,"SEP 2007 SV: https://www.google.ca/maps/@43.6585439,-79.4241322,3a,75y,61.37h,69.87t/data=!3m7!1e1!3m5!1sLqTiGq-iurqfB93yxGZNBg!2e0!5s20070901T000000!7i3328!8i1664?entry=ttu",2014,BUF,"Sv Oct 2014: https://www.google.ca/maps/@43.6588471,-79.4228461,3a,75y,81.87h,90t/data=!3m7!1e1!3m5!1sRjQxW1jDdXi0mzyOhjyhsg!2e0!5s20141001T000000!7i13312!8i6656?entry=ttu; PBL upgrade between Oct 2020 - Jun 2021, SV jun 2021: https://www.google.ca/maps/",2021,PBL,"Upgraded to PBL, request sent Nov 2020, to be completed within first 2 quarters of 2021: https://secure.toronto.ca/council/agenda-item.do?item=2020.IE17.4",,,2.18009556900504,verify_upgrade1_date,,2014,BUF,,,,,,,,,,,,2014,,,,,,"2014","MULTILINESTRING ((-79.39844 43.66411, -79.39874 43.66389, -79.39897 43.66376, -79.39904 43.66368, -79.40009 43.6635, -79.40063 43.66338, -79.40128 43.66324, -79.40211 43.66305, -79.40273 43.66294, -79.4029 43.6629, -79.40308 43.66286, -79.40387 43.6627, -79.40482 43.66249, -79.4054 43.66238, -79.40604 43.66226, -79.40662 43.66214, -79.40722 43.66202, -79.40771 43.66191, -79.40785 43.66189, -79.40854 43.66176, -79.40916 43.66164, -79.40977 43.66151, -79.41037 43.66139, -79.41098 43.66127, -79.41159 43.66114, -79.41222 43.66102, -79.41284 43.66089, -79.41344 43.66076, -79.41401 43.66065, -79.41403 43.66065, -79.41407 43.66064, -79.41467 43.66053, -79.41525 43.66041, -79.41586 43.66028, -79.41643 43.66016, -79.4169 43.66006, -79.41751 43.65993, -79.41806 43.65983, -79.41897 43.65964, -79.41901 43.65964, -79.41958 43.65952, -79.42012 43.6594, -79.42068 43.65928, -79.42127 43.65916, -79.42131 43.65915, -79.42188 43.65904, -79.42247 43.65892, -79.42251 43.65891, -79.42309 43.6588, -79.42368 43.65868, -79.42432 43.65855))"
"486",toronto,upgrade2,,Harbord St,Minor Arterial,Arterial,2001,Cycle Track,2007,PL,"SEP 2007 SV: https://www.google.ca/maps/@43.6585439,-79.4241322,3a,75y,61.37h,69.87t/data=!3m7!1e1!3m5!1sLqTiGq-iurqfB93yxGZNBg!2e0!5s20070901T000000!7i3328!8i1664?entry=ttu",2014,BUF,"Sv Oct 2014: https://www.google.ca/maps/@43.6588471,-79.4228461,3a,75y,81.87h,90t/data=!3m7!1e1!3m5!1sRjQxW1jDdXi0mzyOhjyhsg!2e0!5s20141001T000000!7i13312!8i6656?entry=ttu; PBL upgrade between Oct 2020 - Jun 2021, SV jun 2021: https://www.google.ca/maps/",2021,PBL,"Upgraded to PBL, request sent Nov 2020, to be completed within first 2 quarters of 2021: https://secure.toronto.ca/council/agenda-item.do?item=2020.IE17.4",,,2.18009556900504,verify_upgrade2_date,,2021,PBL,,,,,,,,,,,,2021,,,,,,"2021","MULTILINESTRING ((-79.39844 43.66411, -79.39874 43.66389, -79.39897 43.66376, -79.39904 43.66368, -79.40009 43.6635, -79.40063 43.66338, -79.40128 43.66324, -79.40211 43.66305, -79.40273 43.66294, -79.4029 43.6629, -79.40308 43.66286, -79.40387 43.6627, -79.40482 43.66249, -79.4054 43.66238, -79.40604 43.66226, -79.40662 43.66214, -79.40722 43.66202, -79.40771 43.66191, -79.40785 43.66189, -79.40854 43.66176, -79.40916 43.66164, -79.40977 43.66151, -79.41037 43.66139, -79.41098 43.66127, -79.41159 43.66114, -79.41222 43.66102, -79.41284 43.66089, -79.41344 43.66076, -79.41401 43.66065, -79.41403 43.66065, -79.41407 43.66064, -79.41467 43.66053, -79.41525 43.66041, -79.41586 43.66028, -79.41643 43.66016, -79.4169 43.66006, -79.41751 43.65993, -79.41806 43.65983, -79.41897 43.65964, -79.41901 43.65964, -79.41958 43.65952, -79.42012 43.6594, -79.42068 43.65928, -79.42127 43.65916, -79.42131 43.65915, -79.42188 43.65904, -79.42247 43.65892, -79.42251 43.65891, -79.42309 43.6588, -79.42368 43.65868, -79.42432 43.65855))"
"487",toronto,upgrade1,,Wellesley St E,Minor Arterial,Arterial,2001,Cycle Track,2009,PL,"Jul 2009 SV: https://www.google.com/maps/@43.6651586,-79.3833857,3a,75y,69.27h,86.12t/data=!3m7!1e1!3m5!1sks2V3kEakkA5BbYHZVWsyQ!2e0!5s20090701T000000!7i13312!8i6656?entry=ttu",2014,PBL,Relevant article: https://www.blogto.com/city/2014/05/how_are_the_new_wellesley_st_bike_lanes_working_out/,,,,,,0.847410185921647,verify_upgrade1_date,Jan - May 2014,2014,PBL,3,range,,2014/01/01,2014-05-31,,,,,,1,2014,,,,2014_1,,"2014","MULTILINESTRING ((-79.3846 43.66494, -79.38395 43.66507, -79.38384 43.66509, -79.38338 43.66519, -79.3814 43.66563, -79.38096 43.66572, -79.37835 43.66629, -79.37742 43.66649, -79.37731 43.6665, -79.37727 43.66651, -79.37719 43.66652, -79.37699 43.66647, -79.3768 43.66645, -79.37666 43.66643, -79.3765 43.66643, -79.37631 43.66643, -79.37616 43.66644, -79.37603 43.66646, -79.37585 43.66649, -79.37572 43.66652, -79.37553 43.66659, -79.37535 43.66667, -79.37517 43.66677, -79.375 43.66687, -79.37486 43.66698, -79.37468 43.66709))"
"488",toronto,upgrade1,,Wellesley St W,Minor Arterial,Arterial,2008,Cycle Track,2008,PL,"Jul 2009 SV: https://www.google.com/maps/@43.6631853,-79.392435,3a,75y,42.85h,72.89t/data=!3m7!1e1!3m5!1sSXg73yZrXERHwnBMQKhP0g!2e0!5s20090701T000000!7i13312!8i6656?entry=ttu",2014,PBL,"May 2015 SV: https://www.google.com/maps/@43.6632022,-79.3922936,3a,75y,254.15h,80.13t/data=!3m7!1e1!3m5!1sCrsi_cSsWMjaW4SYdGBE5A!2e0!5s20150501T000000!7i13312!8i6656?entry=ttu",,,,,,0.680962287000712,verify_upgrade1_date,Fall 2014,2014,PBL,6,semester,,2014/09/01,2014-12-31,,,,,3,2,2014,,,2014_3,2014_2,,"2014","MULTILINESTRING ((-79.3846 43.66494, -79.38496 43.66486, -79.385 43.66485, -79.38518 43.66481, -79.38541 43.66475, -79.38545 43.66474, -79.38553 43.66473, -79.38718 43.66437, -79.39065 43.66358, -79.3927 43.66316))"
"490",toronto,upgrade1,,Colborne Lodge Dr,Other,Local,2001,Bike Lane,2009,PL,"pl pre 2009: https://www.google.com/maps/@43.6506887,-79.4648041,3a,75y,14.13h,79.43t/data=!3m7!1e1!3m5!1sa_GQKtBPVWohyidMUqDvZA!2e0!5s20090701T000000!7i13312!8i6656?entry=ttu",2015,PL,Same type after upgrade,,,,,,0.883001420347968,verify_upgrade1_date,,2015,PL,,,,,,,,,,,,2015,,,,,,"2015","MULTILINESTRING ((-79.46475 43.64559, -79.46459 43.64592, -79.46457 43.64601, -79.46458 43.64609, -79.4646 43.64621, -79.46468 43.64646, -79.46486 43.64686, -79.46492 43.64699, -79.46495 43.64709, -79.46495 43.64719, -79.46491 43.64741, -79.46486 43.64775, -79.46487 43.64793, -79.46492 43.64819, -79.465 43.64846, -79.46502 43.64861, -79.46503 43.6487, -79.46502 43.6488, -79.46496 43.64913, -79.46494 43.64922, -79.46484 43.64965, -79.46481 43.64979, -79.46481 43.64984, -79.46481 43.64992, -79.46481 43.64998, -79.46481 43.65005, -79.46481 43.65011, -79.46481 43.65019, -79.46481 43.65025, -79.46481 43.65032, -79.4648 43.65039, -79.4648 43.65046, -79.46479 43.65052, -79.46479 43.65059, -79.46478 43.65066, -79.46478 43.65077, -79.46478 43.65087, -79.46478 43.65098, -79.46477 43.65109, -79.46477 43.65119, -79.46477 43.65129, -79.46476 43.6514, -79.46475 43.6515, -79.46475 43.65157, -79.46474 43.65185, -79.46474 43.65207, -79.46476 43.65224, -79.46477 43.65228, -79.46483 43.65251, -79.46488 43.65265, -79.46517 43.65341))"
"492",toronto,upgrade1,,Lower Sherbourne St,Minor Arterial,Arterial,2001,Cycle Track,2009,PL,"PL pre 2009, later upgraded",2015,PBL,"Upgrade to PBL 2015, construction almost complete: https://www.google.com/maps/@43.6475931,-79.3666684,3a,75y,2.99h,75.62t/data=!3m7!1e1!3m5!1sNNaTnfycUb-mOSeZ2Tw12w!2e0!5s20150901T000000!7i13312!8i6656?entry=ttu",,,,,,0.565140353531992,verify_upgrade1_date,Fall 2015,2015,PBL,2,semester,,2015/09/01,2015-12-31,,,,,3,2,2015,,,2015_3,2015_2,,"2015","MULTILINESTRING ((-79.3657 43.64557, -79.36574 43.64563, -79.36588 43.64589, -79.36596 43.64604, -79.36606 43.64631, -79.3661 43.64637, -79.36613 43.64644, -79.36617 43.64654, -79.36622 43.64664, -79.36627 43.64675, -79.3664 43.64705, -79.36642 43.6471, -79.36647 43.64721, -79.36648 43.64724, -79.36653 43.64733, -79.36659 43.64746, -79.36713 43.64867, -79.3673 43.64905, -79.36789 43.65039))"
"513",toronto,upgrade1,,Beverley St,Minor Arterial,Arterial,2001,Bike Lane,2001,PL,SEE UPGR COMMENTS,2016,PL,"PL SINCE 2012, NO UPGRADE SINCE; https://www.google.com/maps/@43.6569236,-79.3952535,3a,75y,21.23h,96.38t/data=!3m7!1e1!3m5!1seYIDqU1_cJ_Na9GZZ7Goag!2e0!6shttps:%2F%2Fstreetviewpixels-pa.googleapis.com%2Fv1%2Fthumbnail%3Fpanoid%3DeYIDqU1_cJ_Na9GZZ7Goag%2",,,,,,1.04725617802933,verify_upgrade1_date,,2016,PL,,,,,,,,,,,,2016,,,,,,"2016","MULTILINESTRING ((-79.39216 43.64968, -79.39231 43.65006, -79.39239 43.65025, -79.39242 43.6503, -79.39266 43.65089, -79.39271 43.651, -79.39303 43.65179, -79.3931 43.65194, -79.39344 43.65276, -79.39386 43.65382, -79.39405 43.65427, -79.39428 43.6548, -79.39466 43.65577, -79.39517 43.65697, -79.3959 43.6587))"
"514",toronto,upgrade1,,Danforth Ave,Major Arterial,Arterial,2001,Cycle Track,2007,PL,"sep 2007 SV: https://www.google.ca/maps/@43.6761627,-79.3591034,3a,32.7y,306.94h,79.7t/data=!3m7!1e1!3m5!1sqgV6CD2N8FpWQub_khHe6Q!2e0!5s20070901T000000!7i3328!8i1664?entry=ttu",2017,PBL,"Sv sep 2021 2 type of cycle track upgraded from PL: https://www.google.ca/maps/@43.6759036,-79.3605495,3a,75y,73.71h,78.06t/data=!3m7!1e1!3m5!1sdug0qmsR72m6lbRIBOL2_Q!2e0!5s20210901T000000!7i16384!8i8192?entry=ttu; Upgrade to cycle track (bollards), aug",,,,,,0.13097511235632,verify_upgrade1_date,Mar - Jun 2017,2017,PBL,2,range,,2017/03/01,2017-06-30,,,,,,1,2017,,,,2017_1,,"2017","MULTILINESTRING ((-79.36045 43.6759, -79.35942 43.6761, -79.35887 43.6762))"
"516",toronto,upgrade2,,Prince Edward Viaduct,Major Arterial,Arterial,2001,Cycle Track,2009,BUF,"Buffered lane installed 2010-2011: https://www.google.com/maps/@43.6755988,-79.3622733,3a,37.7y,267.03h,77.26t/data=!3m7!1e1!3m5!1sSyB8RbgmJvcKcExOClO-cQ!2e0!5s20111001T000000!7i13312!8i6656?entry=ttu",2011,BUF,"Vertical barriers installed 2017 (estimate): https://www.google.com/maps/@43.6755924,-79.3622989,3a,75y,259.22h,86.74t/data=!3m7!1e1!3m5!1sdKDoqgI7wOaMBoH0DW-K9A!2e0!5s20170801T000000!7i13312!8i6656?entry=ttu",2017,,,,,0.524111307393048,verify_upgrade2_date,,2017,,,,,,,,,,,,,2017,,,,,,"2017","MULTILINESTRING ((-79.36674 43.67467, -79.36631 43.67477, -79.36474 43.67507, -79.36446 43.67512, -79.36432 43.67515, -79.36425 43.67516, -79.36339 43.67532, -79.36271 43.67546, -79.36207 43.6756, -79.36182 43.67564, -79.36172 43.67565, -79.36163 43.67567, -79.36149 43.67569, -79.36147 43.67569, -79.36045 43.6759))"
"517",toronto,install,,Jones Ave,Minor Arterial,Arterial,2001,Bike Lane,2016,PL,"Seen as early as 2016: https://www.google.com/maps/@43.6778048,-79.3392429,3a,55.9y,162.95h,84.97t/data=!3m7!1e1!3m5!1shfYBxmTmzZy3mXSrDiAZmQ!2e0!5s20160701T000000!7i13312!8i6656?entry=ttu",,,,,,,,,1.23692312858109,verify_install_date,,2016,PL,,,,,,,,,,,,2016,,,,,,"2016","MULTILINESTRING ((-79.33561 43.66925, -79.33576 43.6696, -79.33596 43.67007, -79.33641 43.6711, -79.33654 43.67141, -79.33661 43.67156, -79.33678 43.67199, -79.33708 43.67269, -79.33719 43.67291, -79.3378 43.67434, -79.33815 43.67514, -79.33882 43.67674, -79.33887 43.67688, -79.33949 43.67832, -79.33967 43.67874, -79.33982 43.67907, -79.33986 43.67918, -79.33996 43.67946, -79.33997 43.67948, -79.34011 43.67989))"
"625",toronto,install,,The Esplanade,Collector,Collector,2005,Bi-Directional Cycle Track,2021,PBL,https://www.toronto.ca/news/construction-of-new-bikeway-to-improve-road-safety-in-historic-canary-distillery-and-st-lawrence-market-areas-begins-october-17/,,,,,,,,,0.329828467836263,verify_install_date,"44470",2021,PBL,1,,,,,,Likely not a date,,,,,2021,,,,,,"2021","MULTILINESTRING ((-79.3673 43.64905, -79.36611 43.64933, -79.36478 43.64962, -79.36403 43.64979, -79.36394 43.64981, -79.36388 43.64984, -79.36384 43.64986, -79.36377 43.64991, -79.36354 43.65011))"
"634",toronto,upgrade1,,Lower Simcoe St,Collector,Collector,2008,Cycle Track,2010,PL,"PL installed around 2010: https://www.google.com/maps/@43.6416903,-79.3836537,3a,75y,352.89h,71.97t/data=!3m7!1e1!3m5!1sCb62tRCCAL7hBany3eRARA!2e0!5s20111001T000000!7i13312!8i6656?entry=ttu",2016,PBL,"Upgrade to PBL, Jun - Nov 2016: https://www.google.com/maps/@43.6416641,-79.3837323,3a,75y,352.89h,71.97t/data=!3m7!1e1!3m5!1sQvQZDKtipygoXUBnWVrAYg!2e0!5s20161101T000000!7i13312!8i6656?entry=ttu",,,,,,0.615033557182814,verify_upgrade1_date,June-Nov 2016,2016,PBL,1,range,,2016/06/01,2016-11-30,,,,,,,2016,,,,,,"2016","MULTILINESTRING ((-79.38502 43.64478, -79.38481 43.64428, -79.38462 43.64382, -79.38446 43.64344, -79.38401 43.64239, -79.38368 43.64159, -79.38364 43.6415, -79.38335 43.64067, -79.38332 43.6406, -79.38328 43.6405, -79.38321 43.64038, -79.38319 43.64034, -79.38314 43.64027, -79.38272 43.63951))"
"743",toronto,install,,York Mills Rd,Major Arterial,Arterial,2010,Bike Lane - Buffered,2015,BUF,,,,,,,,,,0.458428160112098,verify_install_date,Jul-Dec 2015,2015,BUF,1,range,,2015/07/01,2015-12-31,,,,,,2,2015,,,,2015_2,,"2015","MULTILINESTRING ((-79.35749 43.75349, -79.35556 43.75392, -79.35522 43.75399, -79.3541 43.75424, -79.35265 43.75456, -79.35204 43.7547))"
"755",toronto,install,,Sumach St,Collector,Collector,2005,Bike Lane,2014,PL,"Sep 2014 SV: https://www.google.com/maps/@43.6555497,-79.3584393,3a,27y,163.14h,83.37t/data=!3m7!1e1!3m5!1sdezIIwEZ5bnObDH1F1JMrA!2e0!5s20140901T000000!7i13312!8i6656?entry=ttu",,,,,,,,,0.0642977092474777,verify_install_date,Apr - Sep 2014,2014,PL,1,range,,2014/04/01,2014-09-30,,,,,,,2014,,,,,,"2014","MULTILINESTRING ((-79.3584 43.65501, -79.35839 43.65517, -79.35838 43.65528, -79.35838 43.65539, -79.3584 43.6555, -79.35842 43.65558))"
"757",toronto,install,,Simcoe St,Collector,Collector,2014,Cycle Track,2014,BUF,BUF installed between April and Sept 2014. later upgraded to PBL,2015,PBL,Upgraded to PBL,,,,,,0.0827946254362131,verify_install_date,April-Sept 2014,2014,BUF,5,range,,2014/04/01,2014-09-30,,,,,,,2014,,,,,,"2014","MULTILINESTRING ((-79.38502 43.64478, -79.38532 43.64549))"
"757",toronto,upgrade1,,Simcoe St,Collector,Collector,2014,Cycle Track,2014,BUF,BUF installed between April and Sept 2014. later upgraded to PBL,2015,PBL,Upgraded to PBL,,,,,,0.0827946254362131,verify_upgrade1_date,,2015,PBL,,,,,,,,,,,,2015,,,,,,"2015","MULTILINESTRING ((-79.38502 43.64478, -79.38532 43.64549))"
"761",toronto,install,,Lansdowne Ave,Minor Arterial,Arterial,2014,Bike Lane - Buffered,2014,BUF,"Install, BUF: https://www.google.com/maps/@43.6497094,-79.4395429,3a,75y,322.47h,76.32t/data=!3m7!1e1!3m5!1sehem22n8ZJA6YSrZCFdjZg!2e0!5s20150401T000000!7i13312!8i6656?entry=ttu. No changes since.",,,,,,,,,0.0746906541559214,verify_install_date,,2014,BUF,,,,,,,,,,,,2014,,,,,,"2014","MULTILINESTRING ((-79.43955 43.64951, -79.43963 43.64978, -79.43973 43.65017))"
"763",toronto,upgrade1,,Bathurst St,Major Arterial,Arterial,2014,Bi-Directional Cycle Track,2014,PL,"Sep 2014 SV: https://www.google.com/maps/@43.6452284,-79.4031378,3a,53.5y,242.59h,82.71t/data=!3m7!1e1!3m5!1s7f_5XlauRrdYzND6Yl_wSw!2e0!5s20140901T000000!7i13312!8i6656?entry=ttu",2017,PBL,,,,,,,0.0350834856598937,verify_upgrade1_date,,2017,PBL,,,,,,,,,,,,2017,,,,,,"2017","MULTILINESTRING ((-79.40311 43.64489, -79.40323 43.64519))"
"806",toronto,install,,Shaw St,Collector,Collector,2013,Bike Lane,2013,PL,"PL installed, ORIG 2013, no upgr https://www.google.com/maps/@43.6411244,-79.4148599,3a,75y,170.09h,76.88t/data=!3m7!1e1!3m5!1szxRNoRVGj5KuPmPT3Y3PIg!2e0!5s20200901T000000!7i16384!8i8192?entry=ttu",,,,,,,,,0.0917594714618422,verify_install_date,,2013,PL,,,,,,,,,,,,2013,,,,,,"2013","MULTILINESTRING ((-79.41471 43.64064, -79.41502 43.64144))"
"807",toronto,install,,Shaw St,Major Arterial,Arterial,2013,Bike Lane,2013,PL,"PL installed, ORIG 2013, NO UPGR, SV: https://www.google.com/maps/@43.6710095,-79.4267296,3a,31.4y,194.21h,87.07t/data=!3m7!1e1!3m5!1sBNRTL7UavKeu6xsUCcMamw!2e0!5s20140801T000000!7i13312!8i6656?entry=ttu",,,,,,,,,0.10698609898398,verify_install_date,,2013,PL,,,,,,,,,,,,2013,,,,,,"2013","MULTILINESTRING ((-79.42661 43.6706, -79.42693 43.67134, -79.42694 43.67142, -79.42698 43.67152))"
"826",toronto,install,,Lansdowne Ave,Minor Arterial,Arterial,2016,Bike Lane,2016,PL,"Install PL 2016: https://www.google.com/maps/@43.6508309,-79.439925,3a,15y,185.1h,85.01t/data=!3m7!1e1!3m5!1sQ3AvjwNL4M43bV-xjevObA!2e0!5s20170701T000000!7i13312!8i6656?entry=ttu",,,,,,,,,0.0962766890466112,verify_install_date,,2016,PL,,,,,,,,,,,,2016,,,,,,"2016","MULTILINESTRING ((-79.44 43.65101, -79.43991 43.65072, -79.43973 43.65017))"
"827",toronto,upgrade1,,Davenport Rd,Minor Arterial,Arterial,2001,Bike Lane,2007,PL,"K- pre 2007 PL: https://www.google.com/maps/@43.6776601,-79.4073612,3a,75.8y,66.37h,73.31t/data=!3m7!1e1!3m5!1s2DloctBWI6fAq9lEX4lESw!2e0!5s20070901T000000!7i3328!8i1664?entry=ttu . No changes in type since.",2017,PL,No change in type,,,,,,0.0991362255283987,verify_upgrade1_date,,2017,PL,,,,,,,,,,,,2017,,,,,,"2017","MULTILINESTRING ((-79.40698 43.67773, -79.40813 43.67742))"
"833",toronto,install,,St Clair Ave E,Major Arterial,Arterial,2005,Bike Lane,2017,PL,"PL added signage 2017: https://www.google.com/maps/@43.6889862,-79.3897517,3a,75y,67.12h,86.38t/data=!3m7!1e1!3m5!1sKLMwxQ4cZPP--kv9bs2Fqw!2e0!5s20181001T000000!7i16384!8i8192?entry=ttu",,,,,,,,,0.212395730394561,verify_install_date,,2017,PL,,,,,,,,,,,,2017,,,,,,"2017","MULTILINESTRING ((-79.38989 43.68899, -79.38969 43.68903, -79.38785 43.68943, -79.38735 43.68953))"
"838",toronto,install,,St Dennis Dr,Collector,Collector,2017,Bike Lane,2017,PL,"Sep 2017 SV: https://www.google.com/maps/@43.7165026,-79.3372768,3a,15.5y,71.48h,88.23t/data=!3m7!1e1!3m5!1sr7B7q4DlPc9PiSixypcKaA!2e0!5s20170901T000000!7i13312!8i6656?entry=ttu",,,,,,,,,0.842001409776902,verify_install_date,Mar - Jun 2017,2017,PL,2,range,,2017/03/01,2017-06-30,,,,,,1,2017,,,,2017_1,,"2017","MULTILINESTRING ((-79.33732 43.71655, -79.33646 43.71675, -79.33534 43.71701, -79.33487 43.71714, -79.33465 43.71726, -79.33455 43.71733, -79.33445 43.71746, -79.33442 43.7175, -79.33436 43.71757, -79.33427 43.71764, -79.33422 43.71766, -79.33415 43.7177, -79.3339 43.71777, -79.33357 43.71785, -79.33322 43.71793, -79.33282 43.71803, -79.33247 43.71811, -79.3321 43.7182, -79.33178 43.71827, -79.33141 43.71836, -79.33042 43.71859, -79.32966 43.71877, -79.32918 43.71888, -79.32884 43.71896, -79.32853 43.71903, -79.32829 43.71909, -79.32813 43.71914, -79.32797 43.71923, -79.32787 43.7193, -79.32782 43.71934, -79.32778 43.71938))"
"840",toronto,install,,Sheppard Ave W,Major Arterial,Arterial,2017,Bike Lane,2017,PL,"PL inst 2017 ORIG year, Markers added to road, no upgr, SV: https://www.google.com/maps/@43.7575877,-79.4283211,3a,15y,250.03h,85.79t/data=!3m7!1e1!3m5!1srnaHCvK-hjtqB7UU2iJ1ZA!2e0!5s20171001T000000!7i13312!8i6656?entry=ttu",,,"streetview prior to minor upgrade (lane markings) Nov 2016: https://www.google.com/maps/@43.7568465,-79.4320901,3a,75y,258.4h,84.59t/data=!3m7!1e1!3m5!1sVbRsEPtI6HXOhODl6ls2cQ!2e0!5s20161101T000000!7i13312!8i6656?entry=ttu",,,,,,0.299702930340178,verify_install_date,,2017,PL,,,,,,,,,,,,2017,,,,,,"2017","MULTILINESTRING ((-79.43283 43.75663, -79.43086 43.75707, -79.43041 43.75719, -79.43002 43.75728, -79.42928 43.75745))"
"865",toronto,install,,Lansdowne Ave,Minor Arterial,Arterial,2016,Bike Lane,2016,PL,"Install PL 2016: https://www.google.com/maps/@43.6655465,-79.4459808,3a,29.2y,159.5h,84.39t/data=!3m7!1e1!3m5!1sHmY2otld-_oZzuVbIcPqHw!2e0!5s20170701T000000!7i13312!8i6656?entry=ttu",,,,,,,,,0.168986792375569,verify_install_date,,2016,PL,,,,,,,,,,,,2016,,,,,,"2016","MULTILINESTRING ((-79.44632 43.66636, -79.44631 43.66635, -79.44587 43.66524, -79.44574 43.6649))"
"866",toronto,install,,Peter St,Collector,Collector,2016,Cycle Track,2016,PBL,"PBL (minus intersections) Sv nov 2016 with PBL: https://www.google.ca/maps/@43.6492066,-79.3935602,3a,75y,161.04h,65.72t/data=!3m7!1e1!3m5!1s2sNTbV8zi25a64UdlxBYSg!2e0!5s20161101T000000!7i13312!8i6656?entry=ttu",,,"No prior installation before 2016 PBL, and no upgrades since (minor replacement for damaged bollards)",,,,,,0.382914957324151,verify_install_date,Oct-Nov 2016,2016,PBL,12,range,,2016/10/01,2016-11-30,,,,4,3,2,2016,,2016_4,2016_3,2016_2,,"2016","MULTILINESTRING ((-79.3937 43.64935, -79.3935 43.64892, -79.39328 43.64839, -79.39286 43.64732, -79.39252 43.64651, -79.39233 43.64605))"
"867",toronto,upgrade1,,Logan Ave,Collector,Collector,2005,Bike Lane,2009,PL,"PL installed, pre-2009, no road markers but there are signs denoting the route. https://www.google.com/maps/@43.6745707,-79.3482591,3a,15y,342.98h,89.35t/data=!3m7!1e1!3m5!1sbvZBG4DsFMckphPRFKW3_g!2e0!5s20090401T000000!7i13312!8i6656?entry=ttu",2017,PL,,,,,,,0.484886900473693,verify_upgrade1_date,"42979",2017,PL,1,,,,,,Likely not a date,,,,,2017,,,,,,"2017","MULTILINESTRING ((-79.3472 43.67196, -79.3475 43.67267, -79.34773 43.67321, -79.34807 43.67403, -79.34894 43.67613))"
"869",toronto,install,,Simcoe St,Collector,Collector,2014,Cycle Track,2014,PBL,"PBL installed one side, sept 2014: https://www.google.com/maps/@43.6459648,-79.385519,3a,75y,201.87h,76.26t/data=!3m7!1e1!3m5!1sSNvR8kWP5NEivK_H9Hp6_w!2e0!5s20140901T000000!7i13312!8i6656?entry=ttu",,,,,,,,,0.065855917762941,verify_install_date,April-Sept 2014,2014,PBL,5,range,,2014/04/01,2014-09-30,,,,,,,2014,,,,,,"2014","MULTILINESTRING ((-79.38532 43.64549, -79.38556 43.64605))"
"870",toronto,install,,Kingston Rd,Major Arterial,Arterial,2014,Bike Lane,2014,PL,"Aug 2015 SV: https://www.google.com/maps/@43.6842012,-79.2759904,3a,75y,51.68h,84.8t/data=!3m7!1e1!3m5!1sQwr6zECf3Q7Hi6hN4t2QMw!2e0!5s20150801T000000!7i13312!8i6656?entry=ttu",,,,,,,,,0.454281183472371,verify_install_date,Jun - Dec 2014,2014,PL,1,range,,2014/07/01,2014-12-31,,,,,,2,2014,,,,2014_2,,"2014","MULTILINESTRING ((-79.2761 43.6842, -79.27528 43.68478, -79.27503 43.68495, -79.27439 43.6854, -79.27361 43.68594, -79.2728 43.6865, -79.2725 43.68669, -79.27201 43.68702))"
"885",toronto,install,,Brock Ave,Collector,Collector,2014,Bike Lane,2014,PL,"Based on City provided Inst year, overiding of verified 2013 early window bracket into 2014; Aug 2014 SV: https://www.google.com/maps/@43.6454879,-79.433871,3a,75y,158.41h,72.14t/data=!3m7!1e1!3m5!1s6hkKJ9F0Cv-cHLWDucXdvQ!2e0!5s20140801T000000!7i13312!8i",,,,,,,,,0.20672811968664,verify_install_date,Jan - Aug 2014,2014,PL,1,range,,2014/01/01,2014-08-31,,,,,,,2014,,,,,,"2014","MULTILINESTRING ((-79.43322 43.6437, -79.43355 43.64457, -79.43366 43.64488, -79.43392 43.64549))"
"888",toronto,install,,Queen's Park Cres,Major Arterial Ramp,Arterial,2014,Bi-Directional Cycle Track,2014,PBL,"PBL installed Fall 2014, seen nearly complete in Sept 2014: https://www.google.com/maps/@43.6639598,-79.3934992,3a,75y,36.66h,77.59t/data=!3m7!1e1!3m5!1swp8Jyi26q4b1QU3m0bjReQ!2e0!5s20140901T000000!7i13312!8i6656?entry=ttu",,,,,,,,,0.232528154100183,verify_install_date,Fall 2014,2014,PBL,6,semester,,2014/09/01,2014-12-31,,,,,3,2,2014,,,2014_3,2014_2,,"2014","MULTILINESTRING ((-79.3927 43.66316, -79.39359 43.66408, -79.39386 43.66481, -79.39387 43.66483, -79.39387 43.66485, -79.39388 43.66487, -79.39388 43.6649, -79.39389 43.66492, -79.39389 43.66495, -79.39389 43.66497, -79.3939 43.66499, -79.3939 43.66501, -79.3939 43.66502))"
"892",toronto,install,,Ranee Ave,Collector,Collector,2014,Bike Lane,2014,PL,"PL installed 2014: https://www.google.com/maps/@43.7238755,-79.4460287,3a,75y,11.23h,61.33t/data=!3m7!1e1!3m5!1sydB2Wq2P4QOpJ-0oWVcMcA!2e0!5s20140601T000000!7i13312!8i6656?entry=ttu , no prior infra and no upgrades",,,,,,,,,0.252636269003878,verify_install_date,,2014,PL,,,,,,,,,,,,2014,,,,,,"2014","MULTILINESTRING ((-79.44869 43.72328, -79.44731 43.72355, -79.44691 43.72366, -79.44567 43.72392))"
"899",toronto,install,,Shaughnessy Blvd,Collector,Collector,2006,Bike Lane,2012,PL,"PL installed, 2012 https://www.toronto.ca/legdocs/mmis/2012/ny/bgrd/backgroundfile-44849.pdf https://www.google.com/maps/@43.7745681,-79.3537591,3a,78.1y,172.65h,65.1t/data=!3m7!1e1!3m5!1sZj9RylBIbsL37cOezPf7BQ!2e0!5s20140501T000000!7i13312!8i6656?entry=",,,,,,,,,0.154636007999726,verify_install_date,,2012,PL,,,,,,,,,,,,2012,,,,,,"2012","MULTILINESTRING ((-79.35332 43.77373, -79.35358 43.77436, -79.35388 43.77506))"
"920",toronto,upgrade1,,Birmingham St,Collector,Collector,2007,Cycle Track,2007,PL,,2021,PBL,"Project Notice: https://www.toronto.ca/wp-content/uploads/2021/04/97eb-21ECS-TI-102LR-info-w3-Birmingham-Dwight-Avenues-Heman-Murrie-Streets-re....pdf ; May 2021 SV: https://www.google.com/maps/@43.6048971,-79.4991716,3a,75y,232.15h,82.19t/data=!3m7!1e1!",,,,,,0.613977363938146,verify_upgrade1_date,Oct - Dec 2021,2021,PBL,1,range,,2021/10/01,2021-12-31,,,,4,3,2,2021,,2021_4,2021_3,2021_2,,"2021","MULTILINESTRING ((-79.49901 43.60486, -79.50069 43.6045, -79.50179 43.60424, -79.50294 43.604, -79.50406 43.60376, -79.50461 43.60364, -79.5052 43.60351, -79.50574 43.60339, -79.50576 43.60339, -79.50631 43.60327))"
"962",toronto,upgrade1,,Wellesley St E,Minor Arterial,Arterial,2008,Cycle Track,2008,PL,"Jul 2009 SV: https://www.google.com/maps/@43.668134,-79.3696311,3a,75y,271.28h,84.84t/data=!3m7!1e1!3m5!1sBbFA1euYoD68wWuf_cSzZw!2e0!5s20090701T000000!7i13312!8i6656?entry=ttu",2014,PBL,"May 2014 SV: https://www.google.com/maps/@43.6680764,-79.3702006,3a,75y,271.28h,84.84t/data=!3m7!1e1!3m5!1s3KcsYsSj1ukLXYxqiH5OxA!2e0!5s20140501T000000!7i13312!8i6656?entry=ttu",,,,,,0.220653944779952,verify_upgrade1_date,Jan - May 2014,2014,PBL,3,range,,2014/01/01,2014-05-31,,,,,,1,2014,,,,2014_1,,"2014","MULTILINESTRING ((-79.3722 43.66764, -79.37091 43.66791, -79.3701 43.66809, -79.36975 43.66817, -79.36956 43.66817))"
"971",toronto,install,,Gateway Blvd,Major Arterial,Arterial,2018,Bike Lane - Buffered,2018,BUF,"Installed as BUF, not yet completed by October 2018.",,,,,,,,,0.0649508288967032,verify_install_date,Fall 2018,2018,BUF,4,semester,,2018/09/01,2018-12-31,,,,,3,2,2018,,,2018_3,2018_2,,"2018","MULTILINESTRING ((-79.33558 43.71459, -79.33635 43.7144))"
"978",toronto,install,,Grenoble Dr,Local,Local,2018,Bike Lane - Buffered,2018,BUF,"BUF installed around fall 2018: https://www.google.com/maps/@43.715565,-79.3297051,3a,75y,25.86h,59.83t/data=!3m7!1e1!3m5!1sxnedGCWwhEMNCNAeTXAFEw!2e0!5s20180901T000000!7i16384!8i8192?entry=ttu",,,,,,,,,0.283685393066274,verify_install_date,Fall 2018,2018,BUF,4,semester,,2018/09/01,2018-12-31,,,,,3,2,2018,,,2018_3,2018_2,,"2018","MULTILINESTRING ((-79.33038 43.71658, -79.32965 43.71531, -79.3296 43.7153, -79.32954 43.7153, -79.32949 43.71531, -79.32941 43.71532, -79.3293 43.71533, -79.32919 43.71535, -79.32905 43.71538, -79.32895 43.71541, -79.32809 43.71561))"
"1068",toronto,upgrade1,,Lower Sherbourne St,Minor Arterial,Arterial,2001,Cycle Track - Contraflow,2011,PL,"PL one way: https://www.google.com/maps/@43.6453746,-79.3655757,3a,32.8y,345.42h,80.68t/data=!3m7!1e1!3m5!1s-FJjOslkFngV6vAfEyQIAw!2e0!5s20110801T000000!7i13312!8i6656?entry=ttu",2016,PBL,"Upgrade to PBL: https://www.google.com/maps/@43.6453679,-79.365577,3a,90y,10.85h,63.55t/data=!3m7!1e1!3m5!1sPAU_89xRKcRZvLfpCtA9DA!2e0!5s20170801T000000!7i13312!8i6656?entry=ttu",,,,,,0.0484948373977237,verify_upgrade1_date,Between 2015 - 2017,2016,PBL,1,range,,2015/01/01,2017-12-31,,,,,,,2016,,,,,,"2016","MULTILINESTRING ((-79.36542 43.64518, -79.36547 43.64524, -79.36554 43.64532, -79.36559 43.6454, -79.36564 43.64547, -79.36568 43.64554, -79.3657 43.64557))"
"1069",toronto,upgrade1,,Bloor St E,Major Arterial,Arterial,2001,Cycle Track,2001,PL,"PL pre 2007: https://www.google.com/maps/@43.6719774,-79.3725725,3a,77.1y,308.92h,80.36t/data=!3m7!1e1!3m5!1sgGxXteWi46KXtIlWkiok2w!2e0!5s20070901T000000!7i3328!8i1664?entry=ttu",2013,BUF,"Upgrade to BUF between May 2013 and May 2014: https://www.google.com/maps/@43.6720847,-79.3725614,3a,75y,99.32h,86.16t/data=!3m7!1e1!3m5!1s9TSp2D6tsaKyKni0JGs2cw!2e0!5s20140501T000000!7i13312!8i6656?entry=ttu",2021,PBL,"Upgrade to PBL, seen through sat imagery.",,,0.459282366846168,verify_upgrade1_date,,2013,BUF,,,,,,,,,,,,2013,,,,,,"2013","MULTILINESTRING ((-79.37123 43.67189, -79.37208 43.67198, -79.37283 43.6721, -79.37361 43.67221, -79.37485 43.67233, -79.37539 43.6724, -79.37589 43.67247, -79.37632 43.67247, -79.37685 43.67236))"
"1072",toronto,upgrade1,,Davenport Rd,Minor Arterial,Arterial,2001,Bike Lane,2009,PL,,2020,PL,No changes in type,,,,,,0.298992928511585,verify_upgrade1_date,,2020,PL,,,,,,,,,,,,2020,,,,,,"2020","MULTILINESTRING ((-79.43098 43.67472, -79.43217 43.6746, -79.43262 43.67457, -79.43305 43.67451, -79.43378 43.67441, -79.43465 43.67429))"
"1073",toronto,upgrade1,,Davenport Rd,Minor Arterial,Arterial,2001,Bike Lane,2009,PL,,2020,PL,No changes in type,,,,,,0.44791849234267,verify_upgrade1_date,,2020,PL,,,,,,,,,,,,2020,,,,,,"2020","MULTILINESTRING ((-79.44211 43.67273, -79.44262 43.67262, -79.44377 43.67238, -79.44455 43.67221, -79.44475 43.67217, -79.4451 43.67209, -79.44562 43.67201, -79.44605 43.67194, -79.44723 43.67173, -79.44749 43.6717))"
"1074",toronto,upgrade1,,Davenport Rd,Minor Arterial,Arterial,2001,Bike Lane,2009,PL,,2020,PL,No changes in type,,,,,,0.159224468485663,verify_upgrade1_date,,2020,PL,,,,,,,,,,,,2020,,,,,,"2020","MULTILINESTRING ((-79.44749 43.6717, -79.4483 43.67156, -79.44942 43.67137))"
"1075",toronto,upgrade1,,Davenport Rd,Minor Arterial,Arterial,2001,Bike Lane,2009,PL,"*installation window for lane on south side of street; North side PL installed pre- sep 2007, lane signage with missing road markings SV sep 2007: https://www.google.ca/maps/@43.6741019,-79.4358781,3a,25.5y,92.66h,86.28t/data=!3m7!1e1!3m5!1s_wIMmOW3fNsw0",2020,PL,No changes in type,,,,,,0.409430790161127,verify_upgrade1_date,,2020,PL,,,,,,,,,,,,2020,,,,,,"2020","MULTILINESTRING ((-79.43465 43.67429, -79.43593 43.67414, -79.43714 43.67397, -79.43733 43.67396, -79.43747 43.67394, -79.43765 43.67391, -79.43809 43.67379, -79.43835 43.67371, -79.4384 43.67369, -79.43953 43.67332))"
"1076",toronto,upgrade1,,Davenport Rd,Minor Arterial,Arterial,2001,Bike Lane,2009,PL,,2020,PL,No changes in type,,,,,,0.218089975373715,verify_upgrade1_date,,2020,PL,,,,,,,,,,,,2020,,,,,,"2020","MULTILINESTRING ((-79.43953 43.67332, -79.441 43.67299, -79.44186 43.67279, -79.44211 43.67273))"
"1132",toronto,install,,Scarlett Rd,Minor Arterial,Arterial,2019,Cycle Track,2019,BUF,"No previous infrastructure, major road resurfacing project with simultaneous installation of cycle tracks: https://www.toronto.ca/wp-content/uploads/2019/06/910d-Scarlett-Road-Consultation-Report.pdf ; https://www.toronto.ca/services-payments/streets-par",2020,PBL,,,,,,,1.6290146743498,verify_install_date,,2019,BUF,,,,,,,,,,,,2019,,,,,,"2019","MULTILINESTRING ((-79.49955 43.66691, -79.49961 43.66702, -79.49967 43.66711, -79.49986 43.66732, -79.50046 43.668, -79.5009 43.6685, -79.50132 43.66898, -79.50165 43.66937, -79.50225 43.67009, -79.50288 43.6708, -79.5034 43.67141, -79.50366 43.67172, -79.50375 43.67182, -79.50385 43.67194, -79.50391 43.67204, -79.50396 43.67218, -79.50401 43.67233, -79.5042 43.67298, -79.50427 43.67311, -79.50465 43.67385, -79.50489 43.67426, -79.50501 43.67444, -79.50512 43.67457, -79.50535 43.67484, -79.50583 43.67538, -79.50588 43.67546, -79.50593 43.67555, -79.50596 43.67562, -79.50597 43.67569, -79.50594 43.6761, -79.50593 43.67625, -79.50592 43.67639, -79.50593 43.67649, -79.50595 43.67657, -79.50604 43.67684, -79.50623 43.67719, -79.50641 43.67748, -79.50645 43.67754, -79.50652 43.67763, -79.50658 43.67772, -79.50663 43.6778, -79.50669 43.6779, -79.50673 43.67797, -79.50677 43.67804, -79.50687 43.67815, -79.50744 43.67891, -79.50822 43.67994))"
"1133",toronto,upgrade1,,Hoskin Ave,Minor Arterial,Arterial,2001,Cycle Track,2007,PL,,2015,BUF,"Jun 2016 SV: https://www.google.com/maps/@43.6647334,-79.3953886,3a,75y,89.92h,67.63t/data=!3m7!1e1!3m5!1sigVSSRREEyy-GwbpqB1GpA!2e0!5s20160601T000000!7i13312!8i6656?entry=ttu",2020,PBL,completed 2020: https://www.cycleto.ca/month-activeto,,,0.380098016976951,verify_upgrade1_date,Sep - Nov 2015,2015,BUF,2,range,,2015/09/01,2015-11-30,,,,,3,2,2015,,,2015_3,2015_2,,"2015","MULTILINESTRING ((-79.39844 43.66411, -79.39696 43.66444, -79.39603 43.66463, -79.39574 43.66469, -79.3957 43.6647, -79.39422 43.665, -79.3939 43.66502))"
"1133",toronto,upgrade2,,Hoskin Ave,Minor Arterial,Arterial,2001,Cycle Track,2007,PL,,2015,BUF,"Jun 2016 SV: https://www.google.com/maps/@43.6647334,-79.3953886,3a,75y,89.92h,67.63t/data=!3m7!1e1!3m5!1sigVSSRREEyy-GwbpqB1GpA!2e0!5s20160601T000000!7i13312!8i6656?entry=ttu",2020,PBL,completed 2020: https://www.cycleto.ca/month-activeto,,,0.380098016976951,verify_upgrade2_date,,2020,PBL,,,,,,,,,,,,2020,,,,,,"2020","MULTILINESTRING ((-79.39844 43.66411, -79.39696 43.66444, -79.39603 43.66463, -79.39574 43.66469, -79.3957 43.6647, -79.39422 43.665, -79.3939 43.66502))"
"1139",toronto,upgrade1,,Colborne Lodge Dr,Other,Local,2001,Bike Lane - Contraflow,2009,PL,"PL pre 2009: https://www.google.com/maps/@43.6427869,-79.4636083,3a,15y,150.34h,82.65t/data=!3m7!1e1!3m5!1s9nklOf__pV98zUbfvyTJrA!2e0!5s20090701T000000!7i13312!8i6656?entry=ttu",2015,PL,Same type after upgrade,,,,,,0.496003664043999,verify_upgrade1_date,,2015,PL,,,,,,,,,,,,2015,,,,,,"2015","MULTILINESTRING ((-79.46517 43.64523, -79.46518 43.64521, -79.46519 43.64519, -79.4652 43.64518, -79.46522 43.64516, -79.46523 43.64514, -79.46524 43.64513, -79.46525 43.64511, -79.46525 43.64509, -79.46526 43.64508, -79.46532 43.64491, -79.46534 43.64476, -79.46534 43.64465, -79.46532 43.64453, -79.46529 43.64443, -79.46525 43.64433, -79.46522 43.64425, -79.46513 43.64413, -79.46505 43.64405, -79.46496 43.64396, -79.46486 43.64388, -79.46481 43.64385, -79.46468 43.64373, -79.46452 43.64361, -79.46429 43.64343, -79.46412 43.64327, -79.46393 43.64311, -79.4638 43.64299, -79.46368 43.64286, -79.46356 43.64274, -79.46337 43.64251, -79.4632 43.64232, -79.46308 43.64219, -79.46303 43.64215, -79.46297 43.64212, -79.46289 43.6421, -79.46282 43.64209, -79.4626 43.64208, -79.46249 43.64207, -79.46236 43.64204, -79.46226 43.642, -79.4622 43.64196, -79.46212 43.6419, -79.4621 43.64186, -79.46208 43.64182))"
"1142",toronto,install,,Havelock St,Local,Local,2014,Bike Lane - Contraflow,2014,PL,"Aug 2014 SV: https://www.google.com/maps/@43.6542854,-79.4299553,3a,75y,348.26h,81.22t/data=!3m7!1e1!3m5!1sr9K5rb8q0K7YcByvRwAFPA!2e0!5s20140801T000000!7i13312!8i6656?entry=ttu",,,,,,,,,0.124468094451076,verify_install_date,"41852",2014,PL,1,,,,,,Likely not a date,,,,,2014,,,,,,"2014","MULTILINESTRING ((-79.42993 43.65422, -79.43036 43.65529))"
"1154",toronto,install,,Stephanie St,Local,Local,2014,Bike Lane - Contraflow,2014,PL,"PL contraflow installed, between April and Sept 2014, no upgr, SV: https://www.google.com/maps/@43.6511225,-79.3919428,3a,75y,274.12h,61.54t/data=!3m7!1e1!3m5!1sM-hKTHnKU2PaZO3SFtu60g!2e0!5s20140901T000000!7i13312!8i6656?entry=ttu",,,,,,,,,0.0903960450715914,verify_install_date,April-Sept 2014,2014,PL,5,range,,2014/04/01,2014-09-30,,,,,,,2014,,,,,,"2014","MULTILINESTRING ((-79.39162 43.6512, -79.39215 43.65111, -79.39271 43.651))"
"1155",toronto,install,,Bellevue Ave,Local,Local,2017,Bike Lane - Contraflow,2017,PL,"Feb 2018 streetview  signs of recent installation: https://www.google.com/maps/@43.654966,-79.403615,3a,75y,328.81h,74.51t/data=!3m7!1e1!3m5!1ssylpss7oFkD-tvxK6O4Smg!2e0!5s20180201T000000!7i16384!8i8192?entry=ttu",,,,,,,,,0.466657912225038,verify_install_date,Sep - Dec 2017,2017,PL,1,range,,2017/09/01,2017-12-31,,,,,3,2,2017,,,2017_3,2017_2,,"2017","MULTILINESTRING ((-79.40291 43.65309, -79.40311 43.65361, -79.40368 43.65496, -79.40402 43.65583, -79.40453 43.65712))"
"1163",toronto,install,,Simcoe St,Collector,Collector,2014,Cycle Track - Contraflow,2014,PBL,"No prior infrastructure, no further upgrades.",,,,,,,,,0.155522294738836,verify_install_date,Apr-Sep 2014,2014,PBL,3,range,,2014/04/01,2014-09-30,,,,,,,2014,,,,,,"2014","MULTILINESTRING ((-79.38556 43.64605, -79.38611 43.6474))"
"1164",toronto,install,,Simcoe St,Collector,Collector,2014,Cycle Track - Contraflow,2014,PBL,"PBL installed 2014: https://www.google.com/maps/@43.6488798,-79.3866851,3a,75y,12.68h,68.21t/data=!3m7!1e1!3m5!1sdUoRb6l9rOuRWpV9HH813Q!2e0!5s20140901T000000!7i13312!8i6656?entry=ttu. Changes occurred but no change in type.",,,,,,,,,0.291230219744513,verify_install_date,April-Sept 2014,2014,PBL,5,range,,2014/04/01,2014-09-30,,,,,,,2014,,,,,,"2014","MULTILINESTRING ((-79.38611 43.6474, -79.38637 43.64801, -79.38662 43.64864, -79.38688 43.64925, -79.38714 43.64991))"
"1165",toronto,install,,Simcoe St,Collector,Collector,2014,Cycle Track - Contraflow,2014,PBL,"PBL installed 2014: https://www.google.com/maps/@43.6501417,-79.3872403,3a,75y,19.52h,76.61t/data=!3m7!1e1!3m5!1siqbSthY4CXuqBS0HSxxUHg!2e0!5s20140901T000000!7i13312!8i6656?entry=ttu. Changes occurred but no change in type.",,,,,,,,,0.0910236267558217,verify_install_date,April-Sept 2014,2014,PBL,5,range,,2014/04/01,2014-09-30,,,,,,,2014,,,,,,"2014","MULTILINESTRING ((-79.38714 43.64991, -79.38729 43.65026, -79.38743 43.65059, -79.38752 43.65067))"
"1174",toronto,install,,Willowdale Ave,Minor Arterial,Arterial,2020,Cycle Track,2020,PBL,"No prior infrastructure before PBL 2020; Incomplete installation SV Oct 2020: https://www.google.com/maps/@43.7741168,-79.4039935,3a,75y,343.68h,91.21t/data=!3m7!1e1!3m5!1swe5C2JjeXqG2odsJlgkWkQ!2e0!5s20201001T000000!7i16384!8i8192?entry=ttu, https://www",,,,,,,,,1.38945112251095,verify_install_date,Oct-Dec 2020,2020,PBL,1,range,,2020/10/01,2020-12-31,,,,4,3,2,2020,,2020_4,2020_3,2020_2,,"2020","MULTILINESTRING ((-79.40284 43.77149, -79.40319 43.77231, -79.40356 43.77315, -79.40394 43.77409, -79.40433 43.775, -79.40468 43.77583, -79.40583 43.77854, -79.40626 43.77955, -79.40668 43.78058, -79.40711 43.78163, -79.40747 43.7825, -79.40787 43.78344))"
"1188",toronto,install,,Huntingwood Dr,Minor Arterial,Arterial,2006,Cycle Track,2013,PL,"Installed sometime between 2012 and 2014: https://www.google.com/maps/@43.7984302,-79.2734226,3a,34.5y,79.12h,87.84t/data=!3m7!1e1!3m5!1s98PiZEWKFDaM2EQApXxkqw!2e0!5s20141001T000000!7i13312!8i6656?entry=ttu",,,,,,Construction may be planned for PBL in 2023-24,,,0.315249733665865,verify_install_date,2012-2014,2013,PL,2,range,,2012/01/01,2014-12-31,,,,,,,2013,,,,,,"2013","MULTILINESTRING ((-79.27337 43.79841, -79.27262 43.79859, -79.27253 43.79859, -79.27242 43.79862, -79.27229 43.79863, -79.27216 43.79864, -79.27206 43.79864, -79.27193 43.79863, -79.27181 43.79863, -79.27171 43.79862, -79.27159 43.79859, -79.27086 43.79842, -79.27057 43.79836, -79.26961 43.7981))"
"1192",toronto,install,,Huntingwood Dr,Minor Arterial,Arterial,2020,Cycle Track,2020,BUF,Buffered lane installed 2020,,,,,,Construction may be planned for PBL in 2023-24,,,3.93989248756459,verify_install_date,,2020,BUF,,,,,,,,,,,,2020,,,,,,"2020","MULTILINESTRING ((-79.31521 43.78449, -79.31444 43.78467, -79.31241 43.78515, -79.31095 43.78548, -79.30922 43.7859, -79.30843 43.78627, -79.30801 43.78699, -79.30789 43.78779, -79.3077 43.78843, -79.30725 43.78904, -79.30672 43.78933, -79.30558 43.78968, -79.30378 43.79009, -79.3023 43.79044, -79.30054 43.79083, -79.29938 43.79111, -79.29811 43.79151, -79.29749 43.79218, -79.29659 43.79362, -79.29604 43.79427, -79.29556 43.79458, -79.29477 43.79482, -79.29345 43.79515, -79.29199 43.7952, -79.29065 43.79547, -79.28857 43.79607, -79.28638 43.79654, -79.28344 43.79706, -79.28166 43.79741, -79.27882 43.79801, -79.27774 43.79813, -79.2756 43.79816, -79.27444 43.79818, -79.27337 43.79841))"
"1195",toronto,upgrade1,,Shuter St,Minor Arterial,Arterial,2003,Cycle Track,2007,PL,"original infrastructure is PL installed prior to sep 2007, SV: https://www.google.com/maps/@43.6569251,-79.3650546,3a,75y,270.05h,78.7t/data=!3m7!1e1!3m5!1sjBju8eOEEa5kOyECSoD51A!2e0!5s20070901T000000!7i3328!8i1664?entry=ttu",2020,PBL,,,,,,,1.10691876852412,verify_upgrade1_date,,2020,PBL,,,,,,,,,,,,2020,,,,,,"2020","MULTILINESTRING ((-79.37012 43.65616, -79.36973 43.65625, -79.36948 43.6563, -79.36928 43.6563, -79.36903 43.65631, -79.36862 43.65632, -79.36836 43.65633, -79.36815 43.65633, -79.36801 43.65634, -79.36794 43.65634, -79.3676 43.65637, -79.36695 43.6565, -79.36632 43.65665, -79.36566 43.65679, -79.36562 43.6568, -79.365 43.65694, -79.36487 43.65698, -79.3645 43.65705, -79.36385 43.65719, -79.36375 43.65722, -79.36351 43.65727, -79.36348 43.65727, -79.36283 43.65742, -79.3627 43.65745, -79.36238 43.65752, -79.36203 43.6576, -79.3608 43.65787, -79.36062 43.65791, -79.36036 43.65796, -79.36004 43.65806, -79.35966 43.65821, -79.35951 43.6583, -79.35887 43.65868, -79.3582 43.65909, -79.35814 43.65912, -79.35746 43.65952))"
"1196",toronto,upgrade1,,Bloor St W,Major Arterial,Arterial,2016,Cycle Track,2016,PBL,"No infra prior to 2016, installed PBL 2016: https://www.google.com/maps/@43.6632227,-79.4198379,3a,75y,271.57h,87.9t/data=!3m7!1e1!3m5!1sn9jqIGJ2W1SvyZsZHhbC3Q!2e0!5s20161101T000000!7i13312!8i6656?entry=ttu",2018,PBL,"No changes evident, perhaps small changes, no change in type",,,,,,1.01286073898591,verify_upgrade1_date,,2018,PBL,,,,,,,,,,,,2018,,,,,,"2018","MULTILINESTRING ((-79.42327 43.66251, -79.42206 43.66278, -79.42162 43.66287, -79.42091 43.66303, -79.42025 43.66317, -79.41887 43.66347, -79.41842 43.66358, -79.41722 43.66383, -79.41611 43.66407, -79.41599 43.66409, -79.41486 43.66434, -79.41365 43.66462, -79.41244 43.66489, -79.41184 43.665, -79.41121 43.66512, -79.41121 43.66512))"
"1198",toronto,install,,Richmond St E,Major Arterial,Arterial,2015,Cycle Track,2015,PBL,"SV MAY 2016: https://www.google.com/maps/@43.6526887,-79.3744512,3a,75y,279.91h,72.28t/data=!3m7!1e1!3m5!1sFqZzFHofSqdisu5rV7pdsg!2e0!5s20160501T000000!7i13312!8i6656?entry=ttu",,,,,,,,,1.25866662557491,verify_install_date,Sep - Nov 2015,2015,PBL,2,range,,2015/09/01,2015-11-30,,,,,3,2,2015,,,2015_3,2015_2,,"2015","MULTILINESTRING ((-79.37898 43.65169, -79.3782 43.65187, -79.37776 43.65196, -79.37663 43.6522, -79.37637 43.65226, -79.37548 43.65247, -79.3737 43.65286, -79.37334 43.65281, -79.37304 43.65276, -79.37297 43.65274, -79.37291 43.65273, -79.37283 43.6527, -79.37271 43.65267, -79.37262 43.65266, -79.37247 43.65266, -79.37237 43.65266, -79.37225 43.65268, -79.37161 43.65282, -79.37114 43.65292, -79.36964 43.65327, -79.36915 43.65338, -79.36861 43.6535, -79.36854 43.65351, -79.36845 43.65353, -79.36801 43.65363, -79.36673 43.65393, -79.36531 43.65426, -79.3645 43.65445, -79.36437 43.65448, -79.36402 43.65456))"
"1200",toronto,install,,Richmond St W,Major Arterial,Arterial,2014,Cycle Track,2014,BUF,BUF installed except at intersections,2015,PBL,"Bollards already installed May 2015 SV: https://www.google.com/maps/@43.6478754,-79.3961803,3a,75y,262.81h,86.2t/data=!3m7!1e1!3m5!1siTDkiuAYJbyUbFkrVx7fNA!2e0!5s20150501T000000!7i13312!8i6656?entry=ttu",,,,,,1.18174660557252,verify_install_date,Apr-Sep 2014,2014,BUF,3,range,,2014/04/01,2014-09-30,,,,,,,2014,,,,,,"2014","MULTILINESTRING ((-79.38465 43.65044, -79.38612 43.65012, -79.38644 43.65006, -79.38714 43.64991, -79.3877 43.64978, -79.38918 43.64946, -79.3908 43.64913, -79.39209 43.64885, -79.39233 43.6488, -79.39248 43.64875, -79.39328 43.64839, -79.39457 43.64811, -79.39522 43.64796, -79.39542 43.64792, -79.39597 43.64781, -79.39658 43.64787, -79.39665 43.64787, -79.39669 43.64786, -79.39674 43.64786, -79.39787 43.64765, -79.39866 43.64747))"
"1209",toronto,upgrade2,,Runnymede Rd,Minor Arterial,Arterial,2002,Cycle Track,2007,PL,"Original infrastructure is PL insttalled prior to 2010, 2 upgrades occurred; PL->BUF->PBL; 2nd Upgrade date see UPGR_COMMENTS; https://www.google.com/maps/@43.6672114,-79.4828479,3a,75y,163.73h,52.69t/data=!3m7!1e1!3m5!1sHFdp4-JOVSofjSARQ5e-1g!2e0! . K-",2019,BUF,"Double upgrade; UPGR. #2: PBL in (Oct) Fall 2020 via SV; see CHECK_FLAG, NOTES and INST_COMMENTS; Source article: https://www.blogto.com/city/2020/10/toronto-street-finally-gets-separated-bike-lanes-it-so-desperately-needed/ ; city council agenda:  https",2020,PBL,See UPGR comments.,,,0.187114049713328,verify_upgrade2_date,Fall 2020,2020,PBL,52,semester,,2020/09/01,2020-12-31,,,,,3,2,2020,,,2020_3,2020_2,,"2020","MULTILINESTRING ((-79.48242 43.66633, -79.48242 43.66633, -79.48263 43.66683, -79.48272 43.66704, -79.48276 43.66714, -79.48283 43.66732, -79.48288 43.66743, -79.48309 43.66793, -79.48309 43.66794))"
"1211",toronto,install,,Huntingwood Dr,Minor Arterial,Arterial,2020,Cycle Track,2020,BUF,"BUF installed: https://www.google.com/maps/@43.7815008,-79.3207919,3a,75y,256.05h,77.31t/data=!3m8!1e1!3m6!1skAq1497t6VAOvHy7qW7Cpw!2e0!5s20210501T000000!6shttps:%2F%2Fstreetviewpixels-pa.googleapis.com%2Fv1%2Fthumbnail%3Fpanoid%3DkAq1497t6VAOvHy7qW7Cpw%",,,,,,Construction may be planned for PBL in 2023-24,,,0.757263930489956,verify_install_date,,2020,BUF,,,,,,,,,,,,2020,,,,,,"2020","MULTILINESTRING ((-79.3254 43.78035, -79.324 43.7807, -79.32283 43.781, -79.32144 43.78135, -79.32016 43.78168, -79.31925 43.78197, -79.3186 43.78242, -79.3182 43.78276, -79.31731 43.78349, -79.31729 43.7835))"
"1212",toronto,install,,Huntingwood Dr,Minor Arterial,Arterial,2020,Cycle Track,2020,PBL,"PBL installed 2020: https://www.google.com/maps/@43.7842992,-79.3159495,3a,75y,224.45h,83.14t/data=!3m7!1e1!3m5!1s72DR06W0edTdnapBkQ_vLg!2e0!5s20201201T000000!7i16384!8i8192?entry=ttu",,,,,,Construction may be planned for PBL in 2023-24,,,0.201527524264496,verify_install_date,,2020,PBL,,,,,,,,,,,,2020,,,,,,"2020","MULTILINESTRING ((-79.31729 43.7835, -79.31615 43.78418, -79.31545 43.78443, -79.31521 43.78449))"
"1221",toronto,install,,Argyle St,Local,Local,2015,Bike Lane - Contraflow,2015,None,"* inconclusive date because infrastructure type is None (sharrows), sharrows, installed 2015.",2020,PL,Upgrade Installation Notice: https://www.toronto.ca/wp-content/uploads/2020/06/8f26-Argyle-Installation-Notice.pdf,,,,,,0.102862787543209,verify_install_date,,2015,None,,,,,,,,,,,,2015,,,,,,"2015","MULTILINESTRING ((-79.41732 43.64744, -79.41793 43.64733, -79.41856 43.6472))"
"1223",toronto,install,,Huntingwood Dr,Minor Arterial,Arterial,2020,Cycle Track,2013,PL,"City miscat, actually a PL: https://www.google.com/maps/@43.7984205,-79.2638693,3a,75y,283.96h,90t/data=!3m7!1e1!3m5!1szEVanA-5HNfPpm1rCEAI2g!2e0!6shttps:%2F%2Fstreetviewpixels-pa.googleapis.com%2Fv1%2Fthumbnail%3Fpanoid%3DzEVanA-5HNfPpm1rCEAI2g%26cb_cli",,,,,,Construction may be planned for PBL in 2023-24,,,0.575755554755244,verify_install_date,2012-2014,2013,PL,2,range,,2012/01/01,2014-12-31,,,,,,,2013,,,,,,"2013","MULTILINESTRING ((-79.26262 43.79866, -79.26318 43.79854, -79.26437 43.79828, -79.26463 43.79823, -79.2648 43.79819, -79.26494 43.79817, -79.26536 43.79813, -79.26568 43.7981, -79.26775 43.79786, -79.26794 43.79784, -79.26802 43.79783, -79.26808 43.79783, -79.26817 43.79783, -79.26828 43.79784, -79.26843 43.79786, -79.26891 43.79795, -79.26908 43.79798, -79.26961 43.7981))"
"1224",toronto,install,,Shuter St,Minor Arterial,Arterial,2003,Bike Lane,2016,PL,No further upgrades,,,,,,,,,0.196750664347973,verify_install_date,Oct - Nov 2016,2016,PL,1,range,,2016/10/01,2016-11-30,,,,4,3,2,2016,,2016_4,2016_3,2016_2,,"2016","MULTILINESTRING ((-79.37997 43.65406, -79.37936 43.6542, -79.37924 43.65422, -79.37877 43.65432, -79.37815 43.65446, -79.37763 43.65456))"
"1230",toronto,install,,Argyle St,Local,Local,2015,Bike Lane - Contraflow,2015,None,* inconclusive date because infrastructure type is None (sharrows),2020,PL,Upgrade Installation Notice: https://www.toronto.ca/wp-content/uploads/2020/06/8f26-Argyle-Installation-Notice.pdf,,,,,,0.017043882558193,verify_install_date,,2015,None,,,,,,,,,,,,2015,,,,,,"2015","MULTILINESTRING ((-79.41964 43.64697, -79.41984 43.64693))"
"1240",toronto,upgrade1,,Davenport Rd,Minor Arterial,Arterial,2001,Bike Lane,2009,PL,,2020,PL,No change in type since install,,,,,,0.562703221957276,verify_upgrade1_date,,2020,PL,,,,,,,,,,,,2020,,,,,,"2020","MULTILINESTRING ((-79.42408 43.67532, -79.42512 43.67511, -79.42536 43.67508, -79.42626 43.67493, -79.42673 43.67486, -79.42716 43.67479, -79.42764 43.67477, -79.42833 43.67473, -79.42869 43.67475, -79.43023 43.67474, -79.43098 43.67472))"
"1243",toronto,upgrade1,,Wellesley St E,Minor Arterial,Arterial,2008,Cycle Track,2008,PL,"Jul 2009 SV: https://www.google.com/maps/@43.6675565,-79.3723841,3a,75y,240.54h,79.41t/data=!3m7!1e1!3m5!1sPeIkfE41_0WIFA4FtKqlgQ!2e0!5s20090701T000000!7i13312!8i6656?entry=ttu",2014,PBL,Relevant article: https://www.blogto.com/city/2014/05/how_are_the_new_wellesley_st_bike_lanes_working_out/,,,,,,0.208870799553131,verify_upgrade1_date,Jan - May 2014,2014,PBL,3,range,,2014/01/01,2014-05-31,,,,,,1,2014,,,,2014_1,,"2014","MULTILINESTRING ((-79.37468 43.66709, -79.37378 43.6673, -79.37221 43.66763, -79.3722 43.66764))"
"1263",toronto,install,,Winona Dr,Local,Local,2021,Bike Lane - Contraflow,2021,PL,No streetview available,,,,,,,,,0.895661816357475,verify_install_date,Apr-Jun 2021,2021,PL,1,quarter,,2021/04/01,2021-06-30,,,,2,,1,2021,,2021_2,,2021_1,,"2021","MULTILINESTRING ((-79.43577 43.68992, -79.43562 43.68955, -79.43551 43.68927, -79.43536 43.6889, -79.43532 43.68881, -79.43532 43.68881, -79.43494 43.68782, -79.43485 43.6876, -79.43485 43.68759, -79.43464 43.6871, -79.43444 43.68662, -79.43438 43.68646, -79.43436 43.68641, -79.4343 43.68624, -79.43393 43.68532, -79.43389 43.68521, -79.43389 43.6852, -79.43378 43.6849, -79.43378 43.6845, -79.4336 43.68406, -79.43331 43.68334, -79.43326 43.68329, -79.43335 43.68327, -79.43373 43.68318, -79.43378 43.68316, -79.43382 43.68312, -79.43383 43.68309, -79.43383 43.68306, -79.43382 43.68302, -79.43361 43.68252, -79.4336 43.68251, -79.43356 43.68243))"
"1267",toronto,install,,Richmond St W,Major Arterial,Arterial,2014,Cycle Track,2014,BUF,BUF installed except at intersections,2015,PBL,"Bollards added to BUF to upgrade to PBL, apr 2015 SV: https://www.google.com/maps/@43.6472499,-79.3998332,3a,75y,271.09h,69.89t/data=!3m7!1e1!3m5!1sRpXc_XSPY5dbII1fJ-pgBg!2e0!5s20150401T000000!7i13312!8i6656?entry=ttu",,,,,,0.300149338237849,verify_install_date,Apr-Sep 2014,2014,BUF,3,range,,2014/04/01,2014-09-30,,,,,,,2014,,,,,,"2014","MULTILINESTRING ((-79.39939 43.64734, -79.39985 43.64724, -79.39988 43.64724, -79.40012 43.64719, -79.40113 43.64697, -79.40298 43.64662))"
"1268",toronto,upgrade1,,Richmond St W,Major Arterial,Arterial,2014,Bi-Directional Cycle Track,2014,BUF,"Sv sep 2014: https://www.google.com/maps/@43.6474528,-79.398693,3a,75y,251.62h,76.65t/data=!3m7!1e1!3m5!1smv_JVRDPqvgcaTx8gQNevg!2e0!5s20140901T000000!7i13312!8i6656?entry=ttu",2015,PBL,"From a single buffered lane to cycle track with bollards (2014/15) perhaps to finish installation sv: https://www.google.com/maps/@43.6473836,-79.39935,3a,75y,85.06h,62.41t/data=!3m7!1e1!3m5!1sM7gxGbEp2ql38UUFpfgHgg!2e0!5s20150501T000000!7i13312!8i6656?e",2021,PBL,"From a single buffered lane to cycle track with bollards (2014/15) perhaps to finish installation sv: https://www.google.com/maps/@43.6473836,-79.39935,3a,75y,85.06h,62.41t/data=!3m7!1e1!3m5!1sM7gxGbEp2ql38UUFpfgHgg!2e0!5s20150501T000000!7i13312!8i6656?e",,,0.0605924264285608,verify_upgrade1_date,,2015,PBL,,,,,,,,,,,,2015,,,,,,"2015","MULTILINESTRING ((-79.39866 43.64747, -79.39939 43.64734))"
"1271",toronto,install,,Murray Ross Pkwy,Collector,Collector,2021,Bi-Directional Cycle Track,2022,PBL,Part of the York University Cycling Connections project: https://www.toronto.ca/wp-content/uploads/2021/06/914b-York-U-cycling-Construction-Notice-24-June-2021-FINAL-FINAL.pdf,,,,,,,,,0.217915901322846,verify_install_date,,2022,PBL,,,,,,,,,,,,2022,,,,,,"2022","MULTILINESTRING ((-79.4943 43.76635, -79.4943 43.76635, -79.49407 43.76646, -79.49396 43.76652, -79.49384 43.7666, -79.49363 43.76678, -79.4933 43.76702, -79.49312 43.76712, -79.49289 43.76719, -79.4926 43.76724, -79.49205 43.76731, -79.49204 43.76731))"
"1278",toronto,install,,Sentinel Rd,Major Arterial,Arterial,2022,Bike Lane,2022,PL,"*no specific date before installation occurs post-2020. K- See install between April and June 2022 through sat imager (49 Sentinel Rd) , different types along road, decided to categorize by majority which is PL/",,,,,,,,,0.566661723188147,verify_install_date,April-Jun 2022,2022,PL,1,range,,2022/04/01,2022-06-30,,,,2,,1,2022,,2022_2,,2022_1,,"2022","MULTILINESTRING ((-79.49184 43.74363, -79.49197 43.74396, -79.49198 43.74397, -79.49221 43.74459, -79.49223 43.74458, -79.49227 43.74469, -79.49229 43.74479, -79.49231 43.74489, -79.49232 43.74496, -79.49239 43.74531, -79.4925 43.74589, -79.49254 43.74645, -79.49257 43.74697, -79.49324 43.74859))"
"1291",toronto,install,,Shaw St,Collector,Collector,2001,Bike Lane - Contraflow,2013,PL,"PL, 2013 ORIG YR, NO UPGR, SV: https://www.google.com/maps/@43.6558339,-79.4206084,3a,75y,171.19h,68.64t/data=!3m7!1e1!3m5!1sb0yXOItXdIB6eYmkDBdN-g!2e0!5s20140501T000000!7i13312!8i6656?entry=ttu",,,,,,,,,0.200808076237434,verify_install_date,,2013,PL,,,,,,,,,,,,2013,,,,,,"2013","MULTILINESTRING ((-79.42027 43.65489, -79.42027 43.65491, -79.42043 43.65531, -79.42072 43.65603, -79.42095 43.65663))"
"1292",toronto,install,,Shaw St,Collector,Collector,2001,Bike Lane - Contraflow,2013,PL,"PL installed, ORIG 2013, no UPGRADES: https://www.google.com/maps/@43.6511683,-79.4187858,3a,75y,163.71h,70.76t/data=!3m7!1e1!3m5!1szfD_uYzXMk2SnK_i6Y8G5g!2e0!5s20140401T000000!7i13312!8i6656?entry=ttu",,,,,,,,,0.186198176623387,verify_install_date,,2013,PL,,,,,,,,,,,,2013,,,,,,"2013","MULTILINESTRING ((-79.41829 43.64983, -79.41851 43.65038, -79.41893 43.65143))"
"1297",toronto,upgrade1,,Bloor St W,Major Arterial,Arterial,2016,Cycle Track,2016,PBL,"PBL, car protected barrier: SV: https://www.google.com/maps/@43.6680362,-79.397178,3a,22.3y,74.61h,87.86t/data=!3m7!1e1!3m5!1sXVzuLnDBg-VnqMqJ3n2kZg!2e0!5s20160801T000000!7i13312!8i6656?entry=ttu",2018,PBL,"Upgr same type, no evident changes.",,,,,,0.815535574779461,verify_upgrade1_date,PBL,2018,PBL,1,,,,,,Not a date,,,,,2018,,,,,,"2018","MULTILINESTRING ((-79.40387 43.66666, -79.40342 43.66675, -79.40296 43.66685, -79.40271 43.66691, -79.40228 43.667, -79.40173 43.66712, -79.40154 43.66716, -79.39984 43.66752, -79.39836 43.66783, -79.39738 43.66803, -79.39657 43.66819, -79.39588 43.66833, -79.39506 43.66852, -79.39414 43.66872))"
"1298",toronto,upgrade1,,Bloor St W,Major Arterial,Arterial,2016,Cycle Track,2016,PL,"PL, installed 2016 (SV: https://www.google.com/maps/@43.6659118,-79.4076283,3a,75y,260.95h,85.45t/data=!3m7!1e1!3m5!1sga69MX5STCZKvzGRLNKYQw!2e0!5s20161101T000000!7i13312!8i6656?entry=ttu)",2019,PBL,"Cycle track south side: https://www.google.com/maps/@43.6659131,-79.4073783,3a,75y,92.46h,86.1t/data=!3m7!1e1!3m5!1sNVIENRRP2Q8NvaNKF-EYOw!2e0!5s20201001T000000!7i16384!8i8192?entry=ttu",,,,,,0.614420595867327,verify_upgrade1_date,,2019,PBL,,,,,,,,,,,,2019,,,,,,"2019","MULTILINESTRING ((-79.41121 43.66512, -79.41059 43.66525, -79.40999 43.66539, -79.40932 43.66553, -79.40908 43.66558, -79.40888 43.66563, -79.40868 43.66568, -79.40806 43.6658, -79.40766 43.66588, -79.40747 43.66591, -79.40702 43.66601, -79.40667 43.66608, -79.40627 43.66616, -79.40564 43.6663, -79.40535 43.66636, -79.40484 43.66646, -79.40452 43.66652, -79.40409 43.66661, -79.40387 43.66666))"
"1305",toronto,upgrade1,,Woodbine Ave,Major Arterial,Arterial,2017,Cycle Track,2017,PL,"no prior infrastructure, streetview prior to installation aug2017: https://www.google.com/maps/@43.678764,-79.309925,3a,75y,343.74h,68.84t/data=!3m7!1e1!3m5!1sOu-DGgnTC7fQPQhtAWO4pA!2e0!5s20170801T000000!7i13312!8i6656?entry=ttu",2022,PBL,"*upgrade occurs beyond time frame of interest for analysis; installation upgrade notice: https://www.toronto.ca/wp-content/uploads/2022/04/94f5-Woodbine-Bike-Lanes-Installation-Notice-Apr-2022.pdf",,,,,,0.794417421198595,verify_upgrade1_date,April-May 2022,2022,PBL,1,range,,2022/04/01,2022-05-31,,Previously had no year,,2,,1,2022,,2022_2,,2022_1,,"2022","MULTILINESTRING ((-79.30793 43.67393, -79.30896 43.67646, -79.3093 43.67727, -79.31003 43.67904, -79.31075 43.68078))"
